"Fabricante","CÃ³digo Fabricante","Alias"
"KarHub","FO0352","fo0352"
"KarHub","FO0353","fo0353"
"KarHub","FT0417","ft0417"
"KarHub","VW0127","vw0127"
"KarHub","PE0452","pe0452"
"KarHub","FT0007","ft0007"
"KarHub","VW0478","vw0478"
"KarHub","FO0054","fo0054"
"KarHub","FO0306","FO-0306"
"KarHub","FO0306","fo0306"
"KarHub","FO0208","fo0208"
"KarHub","FO0231","FO-0231"
"KarHub","FO0231","fo0231"
"KarHub","FO0301","fo0301"
"KarHub","FO0300","fo0300"
"KarHub","VW0525","MVW0525"
"KarHub","VW0525","vw0525"
"KarHub","VW0524","vw0524"
"KarHub","VW0180","VW-0180"
"KarHub","VW0180","vw0180"
"KarHub","VW0446","vw0446"
"KarHub","VW0041","vw0041"
"KarHub","VW0219","VW-0219"
"KarHub","VW0219","vw0219"
"KarHub","VW0265","VW-0265"
"KarHub","VW0265","vw0265"
"KarHub","VW0474","vw0474"
"KarHub","FO0044","fo0044"
"KarHub","FT0380","ft0380"
"KarHub","FT0366","ft0366"
"KarHub","FT0422","FT-0422"
"KarHub","FT0422","ft0422"
"KarHub","FT0378","ft0378"
"KarHub","FT0423","ft0423"
"KarHub","FO0191","fo0191"
"KarHub","VW0425","vw0425"
"KarHub","PE0453","pe0453"
"KarHub","VW0412","vw0412"
"KarHub","FT0291","FT-0291"
"KarHub","FT0291","ft0291"
"KarHub","FT0371","ft0371"
"KarHub","FT0372","ft0372"
"KarHub","I-HO0395","I-HO0395"
"KarHub","I-HO0395","iho0395"
"KarHub","I-CH0079","CH0079"
"KarHub","I-CH0079","I-CH0079"
"KarHub","I-CH0079","ich0079"
"KarHub","I-FT0114","FT0114"
"KarHub","I-FT0114","I-FT0114"
"KarHub","I-FT0114","ift0114"
"KarHub","I-VW0127-M","I-VW0127-M"
"KarHub","I-VW0127-M","I-VW0127M"
"KarHub","I-VW0127-M","ivw0127m"
"KarHub","I-VW0127-M","VW0127M"
"KarHub","I-FO0145-M","I-FO0145-M"
"KarHub","I-FO0145-M","I-FO0145M"
"KarHub","I-FO0145-M","ifo0145m"
"KarHub","I-FO0132","I-FO0132"
"KarHub","I-FO0132","ifo0132"
"KarHub","I-FO0131","FO-0131"
"KarHub","I-FO0131","I-FO0131"
"KarHub","I-FO0131","ifo0131"
"KarHub","I-VW0178-M","I-VW0178-M"
"KarHub","I-VW0178-M","I-VW0178M"
"KarHub","I-VW0178-M","ivw0178m"
"KarHub","I-VW0178-M","VW0178M"
"KarHub","I-FO0165-M","I-FO0165-M"
"KarHub","I-FO0165-M","ifo0165m"
"KarHub","I-CH0183","CH-0183"
"KarHub","I-CH0183","CH0183"
"KarHub","I-CH0183","I-CH0183"
"KarHub","I-CH0183","ich0183"
"KarHub","I-VW0175-M","I-VW0175-M"
"KarHub","I-VW0175-M","ivw0175m"
"KarHub","I-VW0180-M","I-VW0180-M"
"KarHub","I-VW0180-M","I-VW0180M"
"KarHub","I-VW0180-M","ivw0180m"
"KarHub","I-VW0180-M","VW0180M"
"KarHub","I-FO0191-M","I-FO0191-M"
"KarHub","I-FO0191-M","ifo0191m"
"KarHub","I-CH0147","CH0147"
"KarHub","I-CH0147","I-CH0147"
"KarHub","I-CH0147","ich0147"
"KarHub","I-CH0184","CH0184"
"KarHub","I-CH0184","I-CH0184"
"KarHub","I-CH0184","ich0184"
"KarHub","I-VW0219-M","I-VW0219-M"
"KarHub","I-VW0219-M","I-VW0219M"
"KarHub","I-VW0219-M","ivw0219m"
"KarHub","I-VW0219-M","VW0219M"
"KarHub","I-CH0214","CH0214"
"KarHub","I-CH0214","I-CH0214"
"KarHub","I-CH0214","ich0214"
"KarHub","I-FO0208-M","I-FO0208-M"
"KarHub","I-FO0208-M","IFO-0208M"
"KarHub","I-FO0208-M","ifo0208m"
"KarHub","I-VW0229","I-VW0229"
"KarHub","I-VW0229","ivw0229"
"KarHub","I-VW0229","VW0229"
"KarHub","I-VW0230","I-VW0230"
"KarHub","I-VW0230","ivw0230"
"KarHub","I-VW0230","VW0230"
"KarHub","I-FT0235","FT0235"
"KarHub","I-FT0235","I-FT0235"
"KarHub","I-FT0235","ift0235"
"KarHub","I-CH0212","CH-0212"
"KarHub","I-CH0212","CH0212"
"KarHub","I-CH0212","I-CH0212"
"KarHub","I-CH0212","ich0212"
"KarHub","I-CH0237","CH0237"
"KarHub","I-CH0237","I-CH0237"
"KarHub","I-CH0237","ich0237"
"KarHub","I-CH0238","CH0238"
"KarHub","I-CH0238","I-CH0238"
"KarHub","I-CH0238","ich0238"
"KarHub","I-CH0240","CH0240"
"KarHub","I-CH0240","I-CH0240"
"KarHub","I-CH0240","ich0240"
"KarHub","I-CH0241","CH0241"
"KarHub","I-CH0241","I-CH0241"
"KarHub","I-CH0241","ich0241"
"KarHub","I-CH0242","CH0242"
"KarHub","I-CH0242","I-CH0242"
"KarHub","I-CH0242","ich0242"
"KarHub","I-CH0250","CH0250"
"KarHub","I-CH0250","I-CH0250"
"KarHub","I-CH0250","ich0250"
"KarHub","I-CH0251","CH0251"
"KarHub","I-CH0251","I-CH0251"
"KarHub","I-CH0251","I-CH251"
"KarHub","I-CH0251","ich0251"
"KarHub","I-CH0243","CH0243"
"KarHub","I-CH0243","I-CH0243"
"KarHub","I-CH0243","ich0243"
"KarHub","I-CH0245","CH0245"
"KarHub","I-CH0245","I-CH0245"
"KarHub","I-CH0245","ich0245"
"KarHub","I-FO0231-M","I-FO0231-M"
"KarHub","I-FO0231-M","I-FO0231M"
"KarHub","I-FO0231-M","ifo0231m"
"KarHub","I-FO0226-M","I-FO0226-M"
"KarHub","I-FO0226-M","ifo0226m"
"KarHub","I-FO0247-M","I-FO0247-M"
"KarHub","I-FO0247-M","I-FO0247M"
"KarHub","I-FO0247-M","ifo0247m"
"KarHub","I-FO0260","FO-0260"
"KarHub","I-FO0260","I-FO0260"
"KarHub","I-FO0260","IFO-0260"
"KarHub","I-FO0260","ifo0260"
"KarHub","I-VW0272","I-VW0272"
"KarHub","I-VW0272","I-VW272"
"KarHub","I-VW0272","ivw0272"
"KarHub","I-VW0272","VW0272"
"KarHub","I-VW0265-M","I-VW0265-M"
"KarHub","I-VW0265-M","I-VW0265M"
"KarHub","I-VW0265-M","ivw0265m"
"KarHub","I-VW0265-M","VW0265M"
"KarHub","I-CH0286","CH0286"
"KarHub","I-CH0286","I-CH0286"
"KarHub","I-CH0286","ich0286"
"KarHub","I-CH0285","CH0285"
"KarHub","I-CH0285","I-CH0285"
"KarHub","I-CH0285","ich0285"
"KarHub","I-CH0283","CH0283"
"KarHub","I-CH0283","I-CH0283"
"KarHub","I-CH0283","ich0283"
"KarHub","I-CH0282","CH0282"
"KarHub","I-CH0282","I-CH0282"
"KarHub","I-CH0282","ich0282"
"KarHub","I-CH0281","CH0281"
"KarHub","I-CH0281","I-CH0281"
"KarHub","I-CH0281","ich0281"
"KarHub","I-CH0280","CH0280"
"KarHub","I-CH0280","I-CH0280"
"KarHub","I-CH0280","ich0280"
"KarHub","I-FT0293","FT0293"
"KarHub","I-FT0293","I-FT0293"
"KarHub","I-FT0293","ift0293"
"KarHub","I-FT0292-M","FT0292M"
"KarHub","I-FT0292-M","I-FT0292-M"
"KarHub","I-FT0292-M","I-FT292M"
"KarHub","I-FT0292-M","ift0292m"
"KarHub","I-CH0269","CH0269"
"KarHub","I-CH0269","I-CH0269"
"KarHub","I-CH0269","ich0269"
"KarHub","I-CH0297","CH0297"
"KarHub","I-CH0297","I-CH0297"
"KarHub","I-CH0297","ich0297"
"KarHub","I-CH0299","CH0299"
"KarHub","I-CH0299","I-CH0299"
"KarHub","I-CH0299","ich0299"
"KarHub","I-FO0263","FO-0263"
"KarHub","I-FO0263","FO0263"
"KarHub","I-FO0263","I-FO0263"
"KarHub","I-FO0263","ifo0263"
"KarHub","I-FO0300-M","I-FO0300-M"
"KarHub","I-FO0300-M","ifo0300m"
"KarHub","I-FO0306-M","I-FO0306-M"
"KarHub","I-FO0306-M","I-FO0306M"
"KarHub","I-FO0306-M","ifo0306m"
"KarHub","I-FO0307-M","I-FO0307-M"
"KarHub","I-FO0307-M","ifo0307m"
"KarHub","I-FO0116-M","I-FO0116-M"
"KarHub","I-FO0116-M","ifo0116m"
"KarHub","I-FT0363","FT0363"
"KarHub","I-FT0363","I-FT0363"
"KarHub","I-FT0363","ift0363"
"KarHub","I-FT0364","FT-0364"
"KarHub","I-FT0364","FT0364"
"KarHub","I-FT0364","I-FT0364"
"KarHub","I-FT0364","ift0364"
"KarHub","I-FT0360","FT0360"
"KarHub","I-FT0360","I-FT0360"
"KarHub","I-FT0360","IFT-0360"
"KarHub","I-FT0360","ift0360"
"KarHub","I-FO0349","I-FO0349"
"KarHub","I-FO0349","ifo0349"
"KarHub","I-FO0350","FO-0350"
"KarHub","I-FO0350","I-FO0350"
"KarHub","I-FO0350","ifo0350"
"KarHub","I-CH0346","CH0346"
"KarHub","I-CH0346","I-CH0346"
"KarHub","I-CH0346","ich0346"
"KarHub","I-CH0319","CH0319"
"KarHub","I-CH0319","I-CH00319"
"KarHub","I-CH0319","I-CH0319"
"KarHub","I-CH0319","ich0319"
"KarHub","I-CH0320","CH-0320"
"KarHub","I-CH0320","CH0320"
"KarHub","I-CH0320","I-CH0320"
"KarHub","I-CH0320","ich0320"
"KarHub","I-CH0342","CH0342"
"KarHub","I-CH0342","I-CH0342"
"KarHub","I-CH0342","ich0342"
"KarHub","I-CH0344","CH0344"
"KarHub","I-CH0344","I-CH0344"
"KarHub","I-CH0344","ich0344"
"KarHub","I-FO0355","I-FO0355"
"KarHub","I-FO0355","ifo0355"
"KarHub","I-FO0368-M","I-FO0368-M"
"KarHub","I-FO0368-M","ifo0368m"
"KarHub","I-FT0371-M","FT0371M"
"KarHub","I-FT0371-M","I-FT0371-M"
"KarHub","I-FT0371-M","ift0371m"
"KarHub","I-FT0372-M","FT0372M"
"KarHub","I-FT0372-M","I-FT0372-M"
"KarHub","I-FT0372-M","ift0372m"
"KarHub","I-FT0373","FT0373"
"KarHub","I-FT0373","I-FT0373"
"KarHub","I-FT0373","ift0373"
"KarHub","I-FT0374","FT0374"
"KarHub","I-FT0374","I-FT0374"
"KarHub","I-FT0374","ift0374"
"KarHub","I-FT0375","FT0375"
"KarHub","I-FT0375","I-FT0375"
"KarHub","I-FT0375","ift0375"
"KarHub","I-VW0381-M","I-VW0381-M"
"KarHub","I-VW0381-M","ivw0381m"
"KarHub","I-VW0381-M","VW0381M"
"KarHub","I-CH0347","CH0347"
"KarHub","I-CH0347","I-CH0347"
"KarHub","I-CH0347","ich0347"
"KarHub","I-FO0369","I-FO0369"
"KarHub","I-FO0369","ifo0369"
"KarHub","I-FO0370","I-FO0370"
"KarHub","I-FO0370","ifo0370"
"KarHub","I-VW0407-M","I-VW0407-M"
"KarHub","I-VW0407-M","ivw0407m"
"KarHub","I-VW0407-M","VW0407M"
"KarHub","I-VW0408","I-VW0408"
"KarHub","I-VW0408","I-VW408"
"KarHub","I-VW0408","ivw0408"
"KarHub","I-VW0408","VW0408"
"KarHub","I-FT0379","FT0379"
"KarHub","I-FT0379","I-FT0379"
"KarHub","I-FT0379","ift0379"
"KarHub","I-FT0380-M","FT0380M"
"KarHub","I-FT0380-M","I-FT0380-M"
"KarHub","I-FT0380-M","ift0380m"
"KarHub","I-VW0404","I-VW0404"
"KarHub","I-VW0404","ivw0404"
"KarHub","I-VW0404","VW-0404"
"KarHub","I-VW0404","VW0404"
"KarHub","I-VW0405","I-VW0405"
"KarHub","I-VW0405","ivw0405"
"KarHub","I-VW0405","VW-0405"
"KarHub","I-VW0405","VW0405"
"KarHub","I-HO0396","I-HO0396"
"KarHub","I-HO0396","iho0396"
"KarHub","I-HO0397-M","I-HO0397-M"
"KarHub","I-HO0397-M","iho0397m"
"KarHub","I-RE0386","I-RE0386"
"KarHub","I-RE0386","ire0386"
"KarHub","I-RE0386","RE0386"
"KarHub","I-RE0389","I-RE0389"
"KarHub","I-RE0389","ire0389"
"KarHub","I-HO0394","I-HO0394"
"KarHub","I-HO0394","iho0394"
"KarHub","I-VW0384","07402767.0"
"KarHub","I-VW0384","I-VW-0384"
"KarHub","I-VW0384","i-vw0384"
"KarHub","I-VW0384","I-VW384"
"KarHub","I-VW0384","ivw0384"
"KarHub","I-VW0384","VW0384"
"KarHub","I-FT0007-M","FT0007M"
"KarHub","I-FT0007-M","I-FT0007-M"
"KarHub","I-FT0007-M","ift0007m"
"KarHub","I-FO0023","I-FO0023"
"KarHub","I-FO0023","ifo0023"
"KarHub","I-FO0025","I-FO0025"
"KarHub","I-FO0025","ifo0025"
"KarHub","I-FT0011","FT0011"
"KarHub","I-FT0011","I-FT0011"
"KarHub","I-FT0011","ift0011"
"KarHub","I-FO0026","FO0026"
"KarHub","I-FO0026","I-FO-0026"
"KarHub","I-FO0026","I-FO0026"
"KarHub","I-FO0026","ifo0026"
"KarHub","I-FT0409-M","FT0409M"
"KarHub","I-FT0409-M","I-FT0409-M"
"KarHub","I-FT0409-M","ift0409m"
"KarHub","I-MB0012","I-MB0012"
"KarHub","I-MB0012","imb0012"
"KarHub","I-MB0012","MB0012"
"KarHub","I-RE0013","I-RE0013"
"KarHub","I-RE0013","ire0013"
"KarHub","I-RE0013","RE0013"
"KarHub","I-CH0020","CH0020"
"KarHub","I-CH0020","I-CH0020"
"KarHub","I-CH0020","ich0020"
"KarHub","I-CH0018","CH0018"
"KarHub","I-CH0018","I-CH0018"
"KarHub","I-CH0018","ich0018"
"KarHub","I-CH0028","CH0028"
"KarHub","I-CH0028","I-CH0028"
"KarHub","I-CH0028","ich0028"
"KarHub","I-CH0029","CH-0029"
"KarHub","I-CH0029","CH0029"
"KarHub","I-CH0029","I-CH0029"
"KarHub","I-CH0029","ich0029"
"KarHub","I-CH0019","CH0019"
"KarHub","I-CH0019","I-CH0019"
"KarHub","I-CH0019","ich0019"
"KarHub","I-CH0005","CH0005"
"KarHub","I-CH0005","I-CH0005"
"KarHub","I-CH0005","ich0005"
"KarHub","I-FT0009","FT0009"
"KarHub","I-FT0009","I-FT0009"
"KarHub","I-FT0009","ift0009"
"KarHub","I-FO0006","I-FO0006"
"KarHub","I-FO0006","ifo0006"
"KarHub","I-FT0039","FT0039"
"KarHub","I-FT0039","I-FT0039"
"KarHub","I-FT0039","ift0039"
"KarHub","I-FT0414","FT0414"
"KarHub","I-FT0414","I-FT0414"
"KarHub","I-FT0414","ift0414"
"KarHub","I-FT0415","FT0415"
"KarHub","I-FT0415","I-FT0415"
"KarHub","I-FT0415","ift0415"
"KarHub","I-FT0416-M","FT0416M"
"KarHub","I-FT0416-M","I-FT0416-M"
"KarHub","I-FT0416-M","ift0416m"
"KarHub","I-FT0417-M","FT0417M"
"KarHub","I-FT0417-M","I-FT0417-M"
"KarHub","I-FT0417-M","ift0417m"
"KarHub","I-FT0042","I-FT0042"
"KarHub","I-FT0042","ift0042"
"KarHub","I-MB0037","I-MB0037"
"KarHub","I-MB0037","imb0037"
"KarHub","I-MB0037","MB0037"
"KarHub","I-RE0038","I-RE0038"
"KarHub","I-RE0038","ire0038"
"KarHub","I-RE0038","RE0038"
"KarHub","I-VW0412-M","I-VW0412-M"
"KarHub","I-VW0412-M","I-VW0412M"
"KarHub","I-VW0412-M","ivw0412m"
"KarHub","I-VW0412-M","VW0412M"
"KarHub","I-VW0413","I-VW0413"
"KarHub","I-VW0413","ivw0413"
"KarHub","I-VW0413","VW0413"
"KarHub","I-VW0041-M","I-VW0041-M"
"KarHub","I-VW0041-M","ivw0041m"
"KarHub","I-VW0041-M","VW0041M"
"KarHub","I-VW0036-M","I-VW0036-M"
"KarHub","I-VW0036-M","ivw0036m"
"KarHub","I-VW0036-M","VW0036M"
"KarHub","I-CH0021","CH0021"
"KarHub","I-CH0021","I-CH0021"
"KarHub","I-CH0021","ich0021"
"KarHub","I-FT0046","FT0046"
"KarHub","I-FT0046","I-FT0046"
"KarHub","I-FT0046","ift0046"
"KarHub","I-VW0001","I-VW0001"
"KarHub","I-VW0001","ivw0001"
"KarHub","I-VW0001","VW0001"
"KarHub","I-FT0419","FT-0419"
"KarHub","I-FT0419","FT0419"
"KarHub","I-FT0419","I-FT0419"
"KarHub","I-FT0419","ift0419"
"KarHub","I-FT0422-M","FT0422M"
"KarHub","I-FT0422-M","I-FT0422-M"
"KarHub","I-FT0422-M","I-FT0422M"
"KarHub","I-FT0422-M","ift0422m"
"KarHub","I-FT0427-M","FT0427M"
"KarHub","I-FT0427-M","I-FT0427-M"
"KarHub","I-FT0427-M","ift0427m"
"KarHub","I-FT0423-M","FT0423M"
"KarHub","I-FT0423-M","I-FT0423-M"
"KarHub","I-FT0423-M","I-FT0423M"
"KarHub","I-FT0423-M","IFT-0423M"
"KarHub","I-FT0423-M","ift0423m"
"KarHub","I-FT0424-M","FT0424M"
"KarHub","I-FT0424-M","I-FT0424-M"
"KarHub","I-FT0424-M","ift0424m"
"KarHub","I-FO0024","FO-0024"
"KarHub","I-FO0024","FO0024"
"KarHub","I-FO0024","I-FO-0024"
"KarHub","I-FO0024","I-FO0024"
"KarHub","I-FO0024","ifo0024"
"KarHub","I-FO0437","I-FO0437"
"KarHub","I-FO0437","ifo0437"
"KarHub","I-FT0420","FT0420"
"KarHub","I-FT0420","I-FT0420"
"KarHub","I-FT0420","ift0420"
"KarHub","I-FT0421","FT0421"
"KarHub","I-FT0421","I-FT0421"
"KarHub","I-FT0421","ift0421"
"KarHub","I-CH0033","CH-0033"
"KarHub","I-CH0033","CH0033"
"KarHub","I-CH0033","I-CH0033"
"KarHub","I-CH0033","ich0033"
"KarHub","I-CH0047","CH0047"
"KarHub","I-CH0047","I-CH0047"
"KarHub","I-CH0047","ich0047"
"KarHub","I-CH0049","CH0049"
"KarHub","I-CH0049","I-CH0049"
"KarHub","I-CH0049","ich0049"
"KarHub","I-CH0433","CH0433"
"KarHub","I-CH0433","I-CH0433"
"KarHub","I-CH0433","ich0433"
"KarHub","I-CH0434","CH-0434"
"KarHub","I-CH0434","CH0434"
"KarHub","I-CH0434","I-CH0434"
"KarHub","I-CH0434","ich0434"
"KarHub","I-CH0432","CH-0432"
"KarHub","I-CH0432","CH0432"
"KarHub","I-CH0432","I-CH0432"
"KarHub","I-CH0432","ich0432"
"KarHub","I-CH0431","CH0431"
"KarHub","I-CH0431","I-CH0431"
"KarHub","I-CH0431","ich0431"
"KarHub","I-FO0045-M","I-FO0045-M"
"KarHub","I-FO0045-M","ifo0045m"
"KarHub","I-FO0048-M","I-FO0048-M"
"KarHub","I-FO0048-M","ifo0048m"
"KarHub","I-CH0521","CH0521"
"KarHub","I-CH0521","I-CH0521"
"KarHub","I-CH0521","ich0521"
"KarHub","I-CH0531","CH0531"
"KarHub","I-CH0531","I-CH0531"
"KarHub","I-CH0531","ich0531"
"KarHub","I-CH0520","CH0520"
"KarHub","I-CH0520","I-CH0520"
"KarHub","I-CH0520","ich0520"
"KarHub","I-CH0532","CH0532"
"KarHub","I-CH0532","I-CH0532"
"KarHub","I-CH0532","ich0532"
"KarHub","I-CH0501","CH0501"
"KarHub","I-CH0501","I-CH0501"
"KarHub","I-CH0501","ich0501"
"KarHub","I-CH0513","CH0513"
"KarHub","I-CH0513","I-CH0513"
"KarHub","I-CH0513","ich0513"
"KarHub","I-VW0524-M","I-VW0524-M"
"KarHub","I-VW0524-M","ivw0524m"
"KarHub","I-VW0525-M","I-VW0525-M"
"KarHub","I-VW0525-M","ivw0525m"
"KarHub","I-VW0525-M","VW0525M"
"KarHub","I-VW0526-M","I-VW0526-M"
"KarHub","I-VW0526-M","ivw0526m"
"KarHub","I-VW0528","I-VW0528"
"KarHub","I-VW0528","ivw0528"
"KarHub","I-VW0528","VW0528"
"KarHub","I-VW0529","I-VW0529"
"KarHub","I-VW0529","ivw0529"
"KarHub","I-VW0529","VW0529"
"KarHub","I-FO0447","FO0447"
"KarHub","I-FO0447","I-FO0447"
"KarHub","I-FO0447","ifo0447"
"KarHub","I-FO0480","I-FO0480"
"KarHub","I-FO0480","ifo0480"
"KarHub","I-PE0451-M","I-PE0451-M"
"KarHub","I-PE0451-M","ipe0451m"
"KarHub","I-PE0451-M","PE0451M"
"KarHub","I-VW0540","I-VW0540"
"KarHub","I-VW0540","ivw0540"
"KarHub","I-VW0540","VW0540"
"KarHub","I-CH0543","CH0543"
"KarHub","I-CH0543","I-CH0543"
"KarHub","I-CH0543","ich0543"
"KarHub","I-CH0543","II-CHO543"
"KarHub","I-CH0556","CH0556"
"KarHub","I-CH0556","I-CH0556"
"KarHub","I-CH0556","ich0556"
"KarHub","I-CT0484","CT0484"
"KarHub","I-CT0484","I-CT0484"
"KarHub","I-CT0484","ict0484"
"KarHub","I-FT0490","I-FT0490"
"KarHub","I-FT0490","ift0490"
"KarHub","I-FT0535","FT0535"
"KarHub","I-FT0535","I-FT0535"
"KarHub","I-FT0535","ift0535"
"KarHub","I-HO0016","I-HO0016"
"KarHub","I-HO0016","iho0016"
"KarHub","I-RE0537","I-RE0537"
"KarHub","I-RE0537","ire0537"
"KarHub","I-RE0538","I-RE0538"
"KarHub","I-RE0538","ire0538"
"KarHub","I-VW0462","I-VW0462"
"KarHub","I-VW0462","ivw0462"
"KarHub","I-VW0462","VW0462"
"KarHub","I-VW0463","I-VW0463"
"KarHub","I-VW0463","ivw0463"
"KarHub","I-VW0463","VW0463"
"KarHub","I-VW0527-M","I-VW0527-M"
"KarHub","I-VW0527-M","ivw0527m"
"KarHub","I-VW0527-M","VW0527M"
"KarHub","I-VW0530","I-VW0530"
"KarHub","I-VW0530","ivw0530"
"KarHub","I-VW0559","I-VW0559"
"KarHub","I-VW0559","ivw0559"
"KarHub","I-VW0559","VW0559"
"KarHub","I-CT0483","CT0483"
"KarHub","I-CT0483","I-CT0483"
"KarHub","I-CT0483","ict0483"
"KarHub","I-VW0560","I-VW0560"
"KarHub","I-VW0560","ivw0560"
"KarHub","I-VW0560","VW0560"
"KarHub","I-VW0541","I-VW0541"
"KarHub","I-VW0541","ivw0541"
"KarHub","I-VW0541","VW0541"
"KarHub","I-CH0503","CH0503"
"KarHub","I-CH0503","I-CH0503"
"KarHub","I-CH0503","ich0503"
"KarHub","I-FT0545","FT0545"
"KarHub","I-FT0545","I-FT0545"
"KarHub","I-FT0545","ift0545"
"KarHub","I-FT0486","FT0486"
"KarHub","I-FT0486","I-FT0486"
"KarHub","I-FT0486","ift0486"
"KarHub","I-FT0485","FT0485"
"KarHub","I-FT0485","I-FT0485"
"KarHub","I-FT0485","ift0485"
"KarHub","I-TO0004","I-TO0004"
"KarHub","I-TO0004","ito0004"
"KarHub","I-CH0080","CH0080"
"KarHub","I-CH0080","I-CH-0080"
"KarHub","I-CH0080","I-CH0080"
"KarHub","I-CH0080","ich0080"
"KarHub","I-CH0254","CH0254"
"KarHub","I-CH0254","I-CH0254"
"KarHub","I-CH0254","ich0254"
"KarHub","I-CH0270","CH0270"
"KarHub","I-CH0270","I-CH0270"
"KarHub","I-CH0270","ich0270"
"KarHub","I-VW0216-M","I-VW0216-M"
"KarHub","I-VW0216-M","I-VW0216M"
"KarHub","I-VW0216-M","ivw0216m"
"KarHub","I-VW0216-M","VW0216M"
"KarHub","I-VW0382","I-VW0382"
"KarHub","I-VW0382","ivw0382"
"KarHub","I-VW0382","VW0382"
"KarHub","I-VW0385","I-VW0385"
"KarHub","I-VW0385","I-VW385"
"KarHub","I-VW0385","IVW-0385"
"KarHub","I-VW0385","ivw0385"
"KarHub","I-VW0385","VW0385"
"KarHub","I-VW0460","I-VW0460"
"KarHub","I-VW0460","ivw0460"
"KarHub","I-VW2000","I-VW2000"
"KarHub","I-VW2000","ivw2000"
"KarHub","I-CH2002","I-CH2002"
"KarHub","I-CH2002","ich2002"
"KarHub","I-FT2006","I-FT2006"
"KarHub","I-FT2006","ift2006"
"KarHub","I-TR0477","I-TR0477"
"KarHub","I-TR0477","itr0477"
"KarHub","I-CH0085","CH0085"
"KarHub","I-CH0085","I-CH0085"
"KarHub","I-CH0085","ich0085"
"KarHub","I-FO0465","I-FO0465"
"KarHub","I-FO0465","ifo0465"
"KarHub","I-TO0563","I-TO0563"
"KarHub","I-TO0563","ito0563"
"KarHub","I-FT2039","FT2039"
"KarHub","I-FT2039","I-FT2039"
"KarHub","I-FT2039","ift2039"
"KarHub","I-CH0182","I-CH0182"
"KarHub","I-CH0182","ich0182"
"KarHub","I-CH0032","CH0032"
"KarHub","I-CH0032","I-CH0032"
"KarHub","I-CH0032","ich0032"
"KarHub","I-NI0585","I-NI0585"
"KarHub","I-NI0585","ini0585"
"KarHub","I-PE0454-M","I-PE0454-M"
"KarHub","I-PE0454-M","ipe0454m"
"KarHub","I-PE0454-M","PE0454M"
"KarHub","I-RE0625","I-RE0625"
"KarHub","I-RE0625","ire0625"
"KarHub","I-RE0625","RE0625"
"KarHub","I-RE0450","I-RE0450"
"KarHub","I-RE0450","ire0450"
"KarHub","I-RE0450","RE0450"
"KarHub","I-VW0222","I-VW0222"
"KarHub","I-VW0222","ivw0222"
"KarHub","I-VW0222","VW0222"
"KarHub","I-FT0495","I-FT0495"
"KarHub","I-FT0495","ift0495"
"KarHub","I-CH0548","CH0548"
"KarHub","I-CH0548","I-CH0548"
"KarHub","I-CH0548","ich0548"
"KarHub","I-HO0601","I-HO0601"
"KarHub","I-HO0601","iho0601"
"KarHub","I-VW0478-M","I-VW0478-M"
"KarHub","I-VW0478-M","ivw0478m"
"KarHub","I-CH0107","I-CH0107"
"KarHub","I-CH0107","ich0107"
"KarHub","I-NI0568","I-NI0568"
"KarHub","I-NI0568","ini0568"
"KarHub","I-NI0568","NI0568"
"KarHub","I-FT0536","I-FT0536"
"KarHub","I-FT0536","ift0536"
"KarHub","I-RE0449","I-RE-0449"
"KarHub","I-RE0449","I-RE0449"
"KarHub","I-RE0449","ire0449"
"KarHub","I-RE0449","RE0449"
"KarHub","I-FT0575","FT0575"
"KarHub","I-FT0575","I-FT0575"
"KarHub","I-FT0575","ift0575"
"KarHub","I-FO0162-M","I-FO0162-M"
"KarHub","I-FO0162-M","ifo0162m"
"KarHub","I-FO0317","FO-0317"
"KarHub","I-FO0317","I-FO0317"
"KarHub","I-FO0317","ifo0317"
"KarHub","I-HO0561-M","I-HO0561-M"
"KarHub","I-HO0561-M","iho0561m"
"KarHub","I-FO2038","I-FO2038"
"KarHub","I-FO2038","ifo2038"
"KarHub","I-FO0167-M","I-FO0167-M"
"KarHub","I-FO0167-M","ifo0167m"
"KarHub","I-FO0359","FO-0359"
"KarHub","I-FO0359","I-FO0359"
"KarHub","I-FO0359","ifo0359"
"KarHub","I-FO0258-M","I-FO0258-M"
"KarHub","I-FO0258-M","ifo0258m"
"KarHub","I-CH0402","CH-0402"
"KarHub","I-CH0402","CH0402"
"KarHub","I-CH0402","I-CH0402"
"KarHub","I-CH0402","ich0402"
"KarHub","I-VW0458","I-VW0458"
"KarHub","I-VW0458","ivw0458"
"KarHub","I-VW0458","VW0458"
"KarHub","I-FO0393","FO-0393"
"KarHub","I-FO0393","FO0393"
"KarHub","I-FO0393","I-FO0393"
"KarHub","I-FO0393","ifo0393"
"KarHub","I-RE0482","I-RE0482"
"KarHub","I-RE0482","ire0482"
"KarHub","I-RE0482","RE0482"
"KarHub","I-CH2011","CH2011"
"KarHub","I-CH2011","I-CH2011"
"KarHub","I-CH2011","ich2011"
"KarHub","I-FT0498","I-FT0498"
"KarHub","I-FT0498","ift0498"
"KarHub","I-FO0596","FO0596"
"KarHub","I-FO0596","I-FO0596"
"KarHub","I-FO0596","ifo0596"
"KarHub","I-CH0457","CH0457"
"KarHub","I-CH0457","I-CH0457"
"KarHub","I-CH0457","ich0457"
"KarHub","I-FT0494","FT0494"
"KarHub","I-FT0494","I-FT0494"
"KarHub","I-FT0494","ift0494"
"KarHub","I-RE0626","I-RE0626"
"KarHub","I-RE0626","ire0626"
"KarHub","I-RE0626","RE0626"
"KarHub","I-CH0613","CH0613"
"KarHub","I-CH0613","I-CH0613"
"KarHub","I-CH0613","ich0613"
"KarHub","I-MI0608","I-MI0608"
"KarHub","I-MI0608","imi0608"
"KarHub","I-CH0510","CH0510"
"KarHub","I-CH0510","I-CH0510"
"KarHub","I-CH0510","ich0510"
"KarHub","I-FO0351","FO0351"
"KarHub","I-FO0351","I-FO0351"
"KarHub","I-FO0351","ifo0351"
"KarHub","I-FO0210-M","I-FO0210-M"
"KarHub","I-FO0210-M","ifo0210m"
"KarHub","I-VW0523","I-VW0523"
"KarHub","I-VW0523","ivw0523"
"KarHub","I-VW0523","VW0523"
"KarHub","I-FO0287","I-FO0287"
"KarHub","I-FO0287","ifo0287"
"KarHub","I-FT0236","FT0236"
"KarHub","I-FT0236","I-FT0236"
"KarHub","I-FT0236","ift0236"
"KarHub","J-FO0020-FX","J-FO0020-FX"
"KarHub","J-FO0020-FX","jfo0020fx"
"KarHub","I-TO0440","I-TO0440"
"KarHub","I-TO0440","ito0440"
"KarHub","I-FT0519-M","I-FT0519-M"
"KarHub","I-FT0519-M","ift0519m"
"KarHub","I-FT0571","FT0571"
"KarHub","I-FT0571","I-FT0571"
"KarHub","I-FT0571","ift0571"
"KarHub","I-MI0607","I-MI0607"
"KarHub","I-MI0607","imi0607"
"KarHub","I-VW0446-M","I-VW0446-M"
"KarHub","I-VW0446-M","ivw0446m"
"KarHub","I-CH0547","CH0547"
"KarHub","I-CH0547","I-CH0547"
"KarHub","I-CH0547","ich0547"
"KarHub","J-CH0064-FX","J-CH0064-FX"
"KarHub","J-CH0064-FX","jch0064fx"
"KarHub","I-FO2017","I-FO2017"
"KarHub","I-FO2017","ifo2017"
"KarHub","I-CH0279","CH-0279"
"KarHub","I-CH0279","CH0279"
"KarHub","I-CH0279","I-CH0279"
"KarHub","I-CH0279","ich0279"
"KarHub","I-HO0597","I-HO0597"
"KarHub","I-HO0597","iho0597"
"KarHub","I-FT0488","FT0488"
"KarHub","I-FT0488","I-FT0488"
"KarHub","I-FT0488","ift0488"
"KarHub","I-TO0464","I-TO0464"
"KarHub","I-TO0464","ito0464"
"KarHub","I-CH0239","CH0239"
"KarHub","I-CH0239","I-CH0239"
"KarHub","I-CH0239","ich0239"
"KarHub","I-FO0358","FO-0358"
"KarHub","I-FO0358","I-FO0358"
"KarHub","I-FO0358","ifo0358"
"KarHub","I-CT0515","CT0515"
"KarHub","I-CT0515","I-CT0515"
"KarHub","I-CT0515","ict0515"
"KarHub","I-FO0471-M","I-FO0471-M"
"KarHub","I-FO0471-M","I-FO0471M"
"KarHub","I-FO0471-M","ifo0471m"
"KarHub","I-FT0491","I-FT0491"
"KarHub","I-FT0491","ift0491"
"KarHub","I-VW2043","I-VW2043"
"KarHub","I-VW2043","ivw2043"
"KarHub","I-TO0587","I-TO0587"
"KarHub","I-TO0587","ito0587"
"KarHub","I-FT0499","I-FT0499"
"KarHub","I-FT0499","ift0499"
"KarHub","I-VW0179-M","I-VW0179-M"
"KarHub","I-VW0179-M","ivw0179m"
"KarHub","I-VW0179-M","VW0179M"
"KarHub","I-FT0492","I-FT0492"
"KarHub","I-FT0492","ift0492"
"KarHub","I-FO0392","I-FO0392"
"KarHub","I-FO0392","ifo0392"
"KarHub","I-VW0128-M","I-VW0128-M"
"KarHub","I-VW0128-M","ivw0128m"
"KarHub","I-VW2010","I-VW2010"
"KarHub","I-VW2010","ivw2010"
"KarHub","I-FT0489","I-FT0489"
"KarHub","I-FT0489","ift0489"
"KarHub","I-VW0466-M","I-VW0466-M"
"KarHub","I-VW0466-M","ivw0466m"
"KarHub","I-VW0466-M","VW0466M"
"KarHub","I-FT0497","I-FT0497"
"KarHub","I-FT0497","ift0497"
"KarHub","I-CH0579","CH0579"
"KarHub","I-CH0579","I-CH0579"
"KarHub","I-CH0579","ich0579"
"KarHub","I-VW2047","I-VW2047"
"KarHub","I-VW2047","ivw2047"
"KarHub","I-CH2050","I-CH2050"
"KarHub","I-CH2050","ich2050"
"KarHub","I-CH0249","CH0249"
"KarHub","I-CH0249","I-CH0249"
"KarHub","I-CH0249","ich0249"
"KarHub","I-FO0262-M","I-FO0262-M"
"KarHub","I-FO0262-M","ifo0262m"
"KarHub","I-TO0553","I-TO0553"
"KarHub","I-TO0553","ito0553"
"KarHub","I-TO0588-M","I-TO0588-M"
"KarHub","I-TO0588-M","I-TO0588M"
"KarHub","I-TO0588-M","ito0588m"
"KarHub","I-FT0576","I-FT0576"
"KarHub","I-FT0576","ift0576"
"KarHub","I-VW0474-M","I-VW0474-M"
"KarHub","I-VW0474-M","ivw0474m"
"KarHub","I-VW0474-M","VW0474M"
"KarHub","I-FO0595","FO0595"
"KarHub","I-FO0595","I-FO0595"
"KarHub","I-FO0595","ifo0595"
"KarHub","I-RE0622","I-RE0622"
"KarHub","I-RE0622","ire0622"
"KarHub","I-RE0622","RE0622"
"KarHub","I-FO0435","FO0435"
"KarHub","I-FO0435","I-FO0435"
"KarHub","I-FO0435","ifo0435"
"KarHub","I-CH0500","CH0500"
"KarHub","I-CH0500","I-CH0500"
"KarHub","I-CH0500","ich0500"
"KarHub","I-MI0609","I-MI0609"
"KarHub","I-MI0609","imi0609"
"KarHub","I-FO0264","I-FO0264"
"KarHub","I-FO0264","ifo0264"
"KarHub","I-RE0539","I-RE0539"
"KarHub","I-RE0539","ire0539"
"KarHub","I-VW2028","I-VW2028"
"KarHub","I-VW2028","ivw2028"
"KarHub","I-CH2012","I-CH2012"
"KarHub","I-CH2012","ich2012"
"KarHub","I-PE0452-M","I-PE0452-M"
"KarHub","I-PE0452-M","I-PE0452M"
"KarHub","I-PE0452-M","ipe0452m"
"KarHub","I-PE0452-M","PE0452M"
"KarHub","I-HO0602","I-HO0602"
"KarHub","I-HO0602","iho0602"
"KarHub","I-FO0472-M","I-FO0472-M"
"KarHub","I-FO0472-M","ifo0472m"
"KarHub","I-VW2037","I-VW2037"
"KarHub","I-VW2037","ivw2037"
"KarHub","J-FO0247-FX","J-FO0247-FX"
"KarHub","J-FO0247-FX","jfo0247fx"
"KarHub","I-CH0276","CH0276"
"KarHub","I-CH0276","I-CH0276"
"KarHub","I-CH0276","ich0276"
"KarHub","I-VW2052","I-VW2052"
"KarHub","I-VW2052","ivw2052"
"KarHub","I-HO0598","I-HO0598"
"KarHub","I-HO0598","iho0598"
"KarHub","I-CH0511","CH0511"
"KarHub","I-CH0511","I-CH0511"
"KarHub","I-CH0511","ich0511"
"KarHub","I-FO0188","I-FO0188"
"KarHub","I-FO0188","ifo0188"
"KarHub","I-CH0505","CH0505"
"KarHub","I-CH0505","I-CH0505"
"KarHub","I-CH0505","ich0505"
"KarHub","I-CH2032","I-CH2032"
"KarHub","I-CH2032","ich2032"
"KarHub","I-RE0624","I-RE0624"
"KarHub","I-RE0624","ire0624"
"KarHub","I-RE0624","RE0624"
"KarHub","I-CH0273","CH-0273"
"KarHub","I-CH0273","CH0273"
"KarHub","I-CH0273","I-CH0273"
"KarHub","I-CH0273","ich0273"
"KarHub","I-MI0610","I-MI0610"
"KarHub","I-MI0610","imi0610"
"KarHub","I-RE0620","I-RE0620"
"KarHub","I-RE0620","ire0620"
"KarHub","I-RE0620","RE0620"
"KarHub","I-VW0406","I-VW0406"
"KarHub","I-VW0406","ivw0406"
"KarHub","I-VW0406","VW0406"
"KarHub","I-VW2026","I-VW2026"
"KarHub","I-VW2026","ivw2026"
"KarHub","I-HO0014-M","I-HO0014-M"
"KarHub","I-HO0014-M","iho0014m"
"KarHub","I-CH2040","I-CH2040"
"KarHub","I-CH2040","ich2040"
"KarHub","J-FT1030-FX","J-FT1030-FX"
"KarHub","J-FT1030-FX","jft1030fx"
"KarHub","I-FO0469","I-FO0469"
"KarHub","I-FO0469","ifo0469"
"KarHub","I-FT0291-M","FT0291M"
"KarHub","I-FT0291-M","I-FT0291-M"
"KarHub","I-FT0291-M","I-FT0291M"
"KarHub","I-FT0291-M","ift0291m"
"KarHub","I-HO0600","I-HO0600"
"KarHub","I-HO0600","iho0600"
"KarHub","I-CH0331","CH-0331"
"KarHub","I-CH0331","CH0331"
"KarHub","I-CH0331","I-CH0331"
"KarHub","I-CH0331","ich0331"
"KarHub","I-CH2051","I-CH2051"
"KarHub","I-CH2051","ich2051"
"KarHub","I-FO0391","I-FO0391"
"KarHub","I-FO0391","ifo0391"
"KarHub","I-FO2016","I-FO2016"
"KarHub","I-FO2016","ifo2016"
"KarHub","I-FO0166-M","I-FO0166-M"
"KarHub","I-FO0166-M","ifo0166m"
"KarHub","I-VW0467","I-VW0467"
"KarHub","I-VW0467","ivw0467"
"KarHub","I-VW0467","VW0467"
"KarHub","I-FT0378-M","FT0378M"
"KarHub","I-FT0378-M","I-FT0378-M"
"KarHub","I-FT0378-M","I-FT378M"
"KarHub","I-FT0378-M","ift0378m"
"KarHub","I-TO0554","I-TO0554"
"KarHub","I-TO0554","ito0554"
"KarHub","I-CH0430","CH0430"
"KarHub","I-CH0430","I-CH0430"
"KarHub","I-CH0430","ich0430"
"KarHub","I-FO0301-M","I-FO0301-M"
"KarHub","I-FO0301-M","ifo0301m"
"KarHub","I-FO0163-M","I-FO0163-M"
"KarHub","I-FO0163-M","ifo0163m"
"KarHub","I-FT0366-M","FT0366M"
"KarHub","I-FT0366-M","I-FT0366-M"
"KarHub","I-FT0366-M","ift0366m"
"KarHub","I-FT0366-M","IFT0366M-KarHub"
"KarHub","I-HO0604","I-HO0604"
"KarHub","I-HO0604","iho0604"
"KarHub","I-FT0418-M","FT0418M"
"KarHub","I-FT0418-M","I-FT0418-M"
"KarHub","I-FT0418-M","ift0418m"
"KarHub","I-FT2005","I-FT2005"
"KarHub","I-FT2005","ift2005"
"KarHub","I-TR0516","I-TR0516"
"KarHub","I-TR0516","itr0516"
"KarHub","I-VW2036","I-VW2036"
"KarHub","I-VW2036","ivw2036"
"KarHub","I-FT0493","FT0493"
"KarHub","I-FT0493","I-FT0493"
"KarHub","I-FT0493","ift0493"
"KarHub","I-VW2022","I-VW2022"
"KarHub","I-VW2022","ivw2022"
"KarHub","I-CH0329","CH-0329"
"KarHub","I-CH0329","CH0329"
"KarHub","I-CH0329","I-CH0329"
"KarHub","I-CH0329","ICH-0329"
"KarHub","I-CH0329","ich0329"
"KarHub","I-NI0567","I-NI0567"
"KarHub","I-NI0567","ini0567"
"KarHub","I-NI0567","NI0567"
"KarHub","I-FO0044-M","I-FO0044-M"
"KarHub","I-FO0044-M","ifo0044m"
"KarHub","I-FT0426-M","I-FT0426-M"
"KarHub","I-FT0426-M","ift0426m"
"KarHub","I-CH0456","CH0456"
"KarHub","I-CH0456","I-CH0456"
"KarHub","I-CH0456","I-CHO456"
"KarHub","I-CH0456","ich0456"
"KarHub","I-PE2018","I-PE2018"
"KarHub","I-PE2018","ipe2018"
"KarHub","I-FO0275","I-FO0275"
"KarHub","I-FO0275","ifo0275"
"KarHub","I-CH0614","CH0614"
"KarHub","I-CH0614","I-CH0614"
"KarHub","I-CH0614","ich0614"
"KarHub","I-FO0288","I-FO0288"
"KarHub","I-FO0288","ifo0288"
"KarHub","I-TO0569","I-TO0569"
"KarHub","I-TO0569","ito0569"
"KarHub","I-TO0569","TO0569"
"KarHub","I-VW0557-M","I-VW0557-M"
"KarHub","I-VW0557-M","ivw0557m"
"KarHub","I-FO0444","I-FO0444"
"KarHub","I-FO0444","ifo0444"
"KarHub","I-FO0043-M","I-FO0043-M"
"KarHub","I-FO0043-M","ifo0043m"
"KarHub","I-FO0436","I-FO0436"
"KarHub","I-FO0436","ifo0436"
"KarHub","I-MI0605","I-MI0605"
"KarHub","I-MI0605","imi0605"
"KarHub","I-MI0605","MI0605"
"KarHub","I-NI0586","I-NI0586"
"KarHub","I-NI0586","ini0586"
"KarHub","I-FO0593","FO0593"
"KarHub","I-FO0593","I-FO0593"
"KarHub","I-FO0593","ifo0593"
"KarHub","I-FO0187","I-FO0187"
"KarHub","I-FO0187","ifo0187"
"KarHub","I-VW2029","I-VW2029"
"KarHub","I-VW2029","ivw2029"
"KarHub","I-FT0574","FT0574"
"KarHub","I-FT0574","I-FT0574"
"KarHub","I-FT0574","ift0574"
"KarHub","I-CH2033","I-CH2033"
"KarHub","I-CH2033","ich2033"
"KarHub","I-FT0487","I-FT0487"
"KarHub","I-FT0487","ift0487"
"KarHub","I-CH0455","CH0455"
"KarHub","I-CH0455","I-CH0455"
"KarHub","I-CH0455","ich0455"
"KarHub","J-FT1022-FX","J-FT1022-FX"
"KarHub","J-FT1022-FX","jft1022fx"
"KarHub","I-CT0617","I-CT0617"
"KarHub","I-CT0617","ict0617"
"KarHub","I-TO0438","I-TO0438"
"KarHub","I-TO0438","ito0438"
"KarHub","I-MI0612","I-MI0612"
"KarHub","I-MI0612","imi0612"
"KarHub","I-VW0325-M","I-VW0325-M"
"KarHub","I-VW0325-M","ivw0325m"
"KarHub","I-VW0325-M","VW0325M"
"KarHub","I-FO0303-M","I-FO0303-M"
"KarHub","I-FO0303-M","ifo0303m"
"KarHub","I-CH0578","CH0578"
"KarHub","I-CH0578","I-CH0578"
"KarHub","I-CH0578","ich0578"
"KarHub","I-CH0399","CH0399"
"KarHub","I-CH0399","I-CH0399"
"KarHub","I-CH0399","ich0399"
"KarHub","I-CT0618","I-CT0618"
"KarHub","I-CT0618","ict0618"
"KarHub","I-CH0126","I-CH0126"
"KarHub","I-CH0126","ich0126"
"KarHub","I-HO0599","I-HO0599"
"KarHub","I-HO0599","iho0599"
"KarHub","I-CH0255","CH0255"
"KarHub","I-CH0255","I-CH0255"
"KarHub","I-CH0255","ich0255"
"KarHub","I-CH2041","I-CH2041"
"KarHub","I-CH2041","ich2041"
"KarHub","I-FT0150","FT0150"
"KarHub","I-FT0150","I-FT0150"
"KarHub","I-FT0150","ift0150"
"KarHub","I-CH2007","I-CH2007"
"KarHub","I-CH2007","ich2007"
"KarHub","I-FO0318","I-FO0318"
"KarHub","I-FO0318","ifo0318"
"KarHub","I-PE2031","I-PE2031"
"KarHub","I-PE2031","ipe2031"
"KarHub","I-TO0570","I-TO0570"
"KarHub","I-TO0570","ito0570"
"KarHub","I-TO0570","TO0570"
"KarHub","J-CH0079-FX","J-CH0079-FX"
"KarHub","J-CH0079-FX","jch0079fx"
"KarHub","I-CH0327","I-CH0327"
"KarHub","I-CH0327","ich0327"
"KarHub","I-HO0603","I-HO0603"
"KarHub","I-HO0603","iho0603"
"KarHub","I-FT0443-M","FT0443M"
"KarHub","I-FT0443-M","I-FT0443-M"
"KarHub","I-FT0443-M","ift0443m"
"KarHub","I-FT2048","I-FT2048"
"KarHub","I-FT2048","ift2048"
"KarHub","I-VW0221","I-VW0221"
"KarHub","I-VW0221","ivw0221"
"KarHub","I-VW0221","VW0221"
"KarHub","I-VW2008","I-VW2008"
"KarHub","I-VW2008","ivw2008"
"KarHub","I-VW2008","VW2008"
"KarHub","I-CH2001","I-CH2001"
"KarHub","I-CH2001","ich2001"
"KarHub","I-CH2034","I-CH2034"
"KarHub","I-CH2034","ich2034"
"KarHub","J-FO0192-FX","J-FO0192-FX"
"KarHub","J-FO0192-FX","jfo0192fx"
"KarHub","I-FT2049","I-FT2049"
"KarHub","I-FT2049","ift2049"
"KarHub","J-CH0001-FX","J-CH0001-FX"
"KarHub","J-CH0001-FX","jch0001fx"
"KarHub","I-NI0566","I-NI0566"
"KarHub","I-NI0566","ini0566"
"KarHub","I-NI0566","NI0566"
"KarHub","I-VW0233","I-VW0233"
"KarHub","I-VW0233","ivw0233"
"KarHub","I-FT0550","FT0550"
"KarHub","I-FT0550","I-FT0550"
"KarHub","I-FT0550","ift0550"
"KarHub","I-CH0227","CH-0227"
"KarHub","I-CH0227","I-CH0227"
"KarHub","I-CH0227","ich0227"
"KarHub","I-PE0453-M","I-PE0453-M"
"KarHub","I-PE0453-M","ipe0453m"
"KarHub","I-PE0453-M","PE0453M"
"KarHub","I-FO0022","FO-0022"
"KarHub","I-FO0022","I-FO0022"
"KarHub","I-FO0022","ifo0022"
"KarHub","I-TO0564","I-TO0564"
"KarHub","I-TO0564","ito0564"
"KarHub","I-CH0577","CH0577"
"KarHub","I-CH0577","I-CH0577"
"KarHub","I-CH0577","ich0577"
"KarHub","I-FO0274","I-FO0274"
"KarHub","I-FO0274","ifo0274"
"KarHub","I-TO0003","I-TO0003"
"KarHub","I-TO0003","ito0003"
"KarHub","I-CH2027","I-CH2027"
"KarHub","I-CH2027","ich2027"
"KarHub","I-RE0479","I-RE0479"
"KarHub","I-RE0479","ire0479"
"KarHub","I-CH0580","CH0580"
"KarHub","I-CH0580","I-CH0580"
"KarHub","I-CH0580","ich0580"
"KarHub","I-CH0017","CH-0017"
"KarHub","I-CH0017","CH0017"
"KarHub","I-CH0017","I-CH0017"
"KarHub","I-CH0017","ich0017"
"KarHub","I-CH0277","CH-0277"
"KarHub","I-CH0277","CH0277"
"KarHub","I-CH0277","I-CH0277"
"KarHub","I-CH0277","ich0277"
"KarHub","I-VW2025","I-VW2025"
"KarHub","I-VW2025","ivw2025"
"KarHub","I-CT0615","CT0615"
"KarHub","I-CT0615","I-CT0615"
"KarHub","I-CT0615","ict0615"
"KarHub","I-FT0496","I-FT0496"
"KarHub","I-FT0496","ift0496"
"KarHub","I-VW2009","I-VW2009"
"KarHub","I-VW2009","ivw2009"
"KarHub","I-CH0278","CH0278"
"KarHub","I-CH0278","I-CH0278"
"KarHub","I-CH0278","ich0278"
"KarHub","I-CH0252","CH0252"
"KarHub","I-CH0252","I-CH0252"
"KarHub","I-CH0252","ich0252"
"KarHub","I-FO0470","I-FO0470"
"KarHub","I-FO0470","ifo0470"
"KarHub","I-MI0442-M","I-MI0442-M"
"KarHub","I-MI0442-M","imi0442m"
"KarHub","I-FO0594","FO0594"
"KarHub","I-FO0594","I-FO0594"
"KarHub","I-FO0594","ifo0594"
"KarHub","I-FT0481","I-FT0481"
"KarHub","I-FT0481","ift0481"
"KarHub","I-RE0388","I-RE0388"
"KarHub","I-RE0388","ire0388"
"KarHub","I-RE0388","RE0388"
"KarHub","I-TO0439","I-TO0439"
"KarHub","I-TO0439","ito0439"
"KarHub","I-MI0475","I-MI0475"
"KarHub","I-MI0475","imi0475"
"KarHub","I-CH0562","CH0562"
"KarHub","I-CH0562","I-CH0562"
"KarHub","I-CH0562","ich0562"
"KarHub","I-CH0401","CH-0401"
"KarHub","I-CH0401","CH0401"
"KarHub","I-CH0401","I-CH0401"
"KarHub","I-CH0401","ich0401"
"KarHub","I-FT0573","FT0573"
"KarHub","I-FT0573","I-FT0573"
"KarHub","I-FT0573","ift0573"
"KarHub","I-CH0348","CH0348"
"KarHub","I-CH0348","I-CH0348"
"KarHub","I-CH0348","ich0348"
"KarHub","I-CH0445","CH0445"
"KarHub","I-CH0445","I-CH0445"
"KarHub","I-CH0445","ich0445"
"KarHub","I-FT0367-M","FT0367M"
"KarHub","I-FT0367-M","I-FT0367-M"
"KarHub","I-FT0367-M","ift0367m"
"KarHub","J-FO0255-FX","J-FO0255-FX"
"KarHub","J-FO0255-FX","jfo0255fx"
"KarHub","I-CH0504","CH0504"
"KarHub","I-CH0504","I-CH0504"
"KarHub","I-CH0504","ich0504"
"KarHub","J-FT1020-FX","J-FT1020-FX"
"KarHub","J-FT1020-FX","jft1020fx"
"KarHub","J-FT1040-FX","J-FT1040-FX"
"KarHub","J-FT1040-FX","jft1040fx"
"KarHub","I-CH0473","I-CH0473"
"KarHub","I-CH0473","ich0473"
"KarHub","I-HO0015-M","I-HO0015-M"
"KarHub","I-HO0015-M","iho0015m"
"KarHub","I-TO0002","I-TO0002"
"KarHub","I-TO0002","ito0002"
"KarHub","I-CH0074","CH0074"
"KarHub","I-CH0074","I-CH0074"
"KarHub","I-CH0074","ich0074"
"KarHub","I-FO2015","I-FO2015"
"KarHub","I-FO2015","ifo2015"
"KarHub","I-CH0403","CH0403"
"KarHub","I-CH0403","I-CH0403"
"KarHub","I-CH0403","ich0403"
"KarHub","I-VW2035","I-VW2035"
"KarHub","I-VW2035","ivw2035"
"KarHub","I-MI0606","I-MI0606"
"KarHub","I-MI0606","imi0606"
"KarHub","I-MI0606","MI0606"
"KarHub","J-FO0257-FX","J-FO0257-FX"
"KarHub","J-FO0257-FX","jfo0257fx"
"KarHub","I-FT0572","FT0572"
"KarHub","I-FT0572","I-FT0572"
"KarHub","I-FT0572","ift0572"
"KarHub","I-CH0546","CH0546"
"KarHub","I-CH0546","I-CH0546"
"KarHub","I-CH0546","ich0546"
"KarHub","I-FT2055","I-FT2055"
"KarHub","I-FT2055","ift2055"
"KarHub","I-CT0619","I-CT0619"
"KarHub","I-CT0619","ict0619"
"KarHub","I-MI0476-M","I-MI0476-M"
"KarHub","I-MI0476-M","imi0476m"
"KarHub","I-VW0425-M","I-VW0425-M"
"KarHub","I-VW0425-M","ivw0425m"
"KarHub","I-VW0425-M","VW0425M"
"KarHub","I-VW0544","I-VW0544"
"KarHub","I-VW0544","ivw0544"
"KarHub","I-VW0544","VW0544"
"KarHub","I-VW2042","I-VW2042"
"KarHub","I-VW2042","ivw2042"
"KarHub","I-RE0621","I-RE0621"
"KarHub","I-RE0621","ire0621"
"KarHub","I-RE0621","RE0621"
"KarHub","I-TO0555","I-TO0555"
"KarHub","I-TO0555","ito0555"
"KarHub","I-VW2003","I-VW2003"
"KarHub","I-VW2003","ivw2003"
"KarHub","J-FO0246-FX","J-FO0246-FX"
"KarHub","J-FO0246-FX","jfo0246fx"
"KarHub","I-VW0533-M","I-VW0533-M"
"KarHub","I-VW0533-M","ivw0533m"
"KarHub","I-VW0533-M","VW0533M"
"KarHub","I-VW0383","I-VW0383"
"KarHub","I-VW0383","ivw0383"
"KarHub","I-VW0383","VW0383"
"KarHub","I-NI0565","I-NI0565"
"KarHub","I-NI0565","ini0565"
"KarHub","I-NI0565","NI0565"
"KarHub","I-TR0517","I-TR0517"
"KarHub","I-TR0517","itr0517"
"KarHub","J-CH0063-FX","J-CH0063-FX"
"KarHub","J-CH0063-FX","jch0063fx"
"KarHub","I-FO0592","FO0592"
"KarHub","I-FO0592","I-FO0592"
"KarHub","I-FO0592","ifo0592"
"KarHub","I-VW2023","I-VW2023"
"KarHub","I-VW2023","ivw2023"
"KarHub","I-CH2030","I-CH2030"
"KarHub","I-CH2030","ich2030"
"KarHub","I-RE0448","I-RE0448"
"KarHub","I-RE0448","ire0448"
"KarHub","I-RE0448","RE0448"
"KarHub","I-MI0441","I-MI0441"
"KarHub","I-MI0441","imi0441"
"KarHub","I-MI0441","MI0441"
"KarHub","I-VW2024","I-VW2024"
"KarHub","I-VW2024","ivw2024"
"KarHub","I-RE0627","I-RE0627"
"KarHub","I-RE0627","ire0627"
"KarHub","I-RE0627","RE0627"
"KarHub","I-CT0616","CT0616"
"KarHub","I-CT0616","I-CT0616"
"KarHub","I-CT0616","ict0616"
"KarHub","I-CH0502","I-CH0502"
"KarHub","I-CH0502","I-CHO502"
"KarHub","I-CH0502","ich0502"
"KarHub","I-VW0468","I-VW0468"
"KarHub","I-VW0468","ivw0468"
"KarHub","I-VW0468","VW0468"
"KarHub","I-CH0512","I-CH0512"
"KarHub","I-CH0512","ich0512"
"KarHub","I-MI0611","I-MI0611"
"KarHub","I-MI0611","imi0611"